-- MySQL dump 10.13  Distrib 5.1.58, for Win64 (unknown)
--
-- Host: localhost    Database: ca
-- ------------------------------------------------------
-- Server version	5.1.58-community

/*!40101 SET @OLD_CHARACTER_SET_CLIENT=@@CHARACTER_SET_CLIENT */;
/*!40101 SET @OLD_CHARACTER_SET_RESULTS=@@CHARACTER_SET_RESULTS */;
/*!40101 SET @OLD_COLLATION_CONNECTION=@@COLLATION_CONNECTION */;
/*!40101 SET NAMES utf8 */;
/*!40103 SET @OLD_TIME_ZONE=@@TIME_ZONE */;
/*!40103 SET TIME_ZONE='+00:00' */;
/*!40014 SET @OLD_UNIQUE_CHECKS=@@UNIQUE_CHECKS, UNIQUE_CHECKS=0 */;
/*!40014 SET @OLD_FOREIGN_KEY_CHECKS=@@FOREIGN_KEY_CHECKS, FOREIGN_KEY_CHECKS=0 */;
/*!40101 SET @OLD_SQL_MODE=@@SQL_MODE, SQL_MODE='NO_AUTO_VALUE_ON_ZERO' */;
/*!40111 SET @OLD_SQL_NOTES=@@SQL_NOTES, SQL_NOTES=0 */;

--
-- Table structure for table `decisions`
--

DROP TABLE IF EXISTS `decisions`;
/*!40101 SET @saved_cs_client     = @@character_set_client */;
/*!40101 SET character_set_client = utf8 */;
CREATE TABLE `decisions` (
  `nino` varchar(9) NOT NULL,
  `description` varchar(255) DEFAULT NULL,
  `xml` text CHARACTER SET utf8,
  PRIMARY KEY (`nino`)
) ENGINE=InnoDB DEFAULT CHARSET=latin1 COMMENT='decision awards';
/*!40101 SET character_set_client = @saved_cs_client */;

--
-- Dumping data for table `decisions`
--

LOCK TABLES `decisions` WRITE;
/*!40000 ALTER TABLE `decisions` DISABLE KEYS */;
INSERT INTO `decisions` VALUES ('CL100100A','','<?xml version=\"1.0\" encoding=\"UTF-8\"?><a:Outcome xmlns:a=\"http://www.erudine.com/v3/ca\">\r\n	<ClaimantNINO>CL100100A</ClaimantNINO>\r\n	<a:Decision>\r\n		<a:DecisionStart>2010-05-10</a:DecisionStart>\r\n		<a:DecisionEnd>2010-06-11</a:DecisionEnd>\r\n		<a:DecisionCode>502</a:DecisionCode>\r\n	\r\n	</a:Decision>\r\n	<a:Decision>\r\n		<a:DecisionStart>2010-06-12</a:DecisionStart>\r\n		<a:DecisionEnd>9999-12-31</a:DecisionEnd>\r\n		<a:DecisionCode>ENT</a:DecisionCode>\r\n	</a:Decision>\r\n</a:Outcome>'),('CL100101A','','<?xml version=\"1.0\" encoding=\"UTF-8\"?><a:Outcome xmlns:a=\"http://www.erudine.com/v3/ca\">\r\n	<ClaimantNINO>CL100101A</ClaimantNINO>\r\n	<a:Decision>\r\n		<a:DecisionStart>2010-04-01</a:DecisionStart>\r\n		<a:DecisionEnd>2010-04-02</a:DecisionEnd>\r\n		<a:DecisionCode>156</a:DecisionCode>\r\n	</a:Decision>\r\n	<a:Decision>\r\n		<a:DecisionStart>2010-04-03</a:DecisionStart>\r\n		<a:DecisionEnd>2010-04-18</a:DecisionEnd>\r\n		<a:DecisionCode>503</a:DecisionCode>\r\n	</a:Decision>\r\n	<a:Decision>\r\n		<a:DecisionStart>2010-04-19</a:DecisionStart>\r\n		<a:DecisionEnd>2010-04-21</a:DecisionEnd>\r\n		<a:DecisionCode>ENT</a:DecisionCode>\r\n	</a:Decision>\r\n	<a:Decision>\r\n		<a:DecisionStart>2010-04-22</a:DecisionStart>\r\n		<a:DecisionEnd>2010-04-30</a:DecisionEnd>\r\n		<a:DecisionCode>502</a:DecisionCode>\r\n	</a:Decision>\r\n	<a:Decision>\r\n		<a:DecisionStart>2010-05-01</a:DecisionStart>\r\n		<a:DecisionEnd>2010-05-23</a:DecisionEnd>\r\n		<a:DecisionCode>142</a:DecisionCode>\r\n	</a:Decision>\r\n	<a:Decision>\r\n		<a:DecisionStart>2010-05-23</a:DecisionStart>\r\n		<a:DecisionEnd>2010-05-30</a:DecisionEnd>\r\n		<a:DecisionCode>599</a:DecisionCode>\r\n	</a:Decision>\r\n	<a:Decision>\r\n		<a:DecisionStart>2010-06-01</a:DecisionStart>\r\n		<a:DecisionEnd>2010-06-05</a:DecisionEnd>\r\n		<a:DecisionCode>510</a:DecisionCode>\r\n	</a:Decision>\r\n	<a:Decision>\r\n		<a:DecisionStart>2010-06-06</a:DecisionStart>\r\n		<a:DecisionEnd>2010-06-016</a:DecisionEnd>\r\n		<a:DecisionCode>156</a:DecisionCode>\r\n	</a:Decision>\r\n	<a:Decision>\r\n		<a:DecisionStart>2010-06-17</a:DecisionStart>\r\n		<a:DecisionEnd>2010-06-23</a:DecisionEnd>\r\n		<a:DecisionCode>504</a:DecisionCode>\r\n	</a:Decision>\r\n	<a:Decision>\r\n		<a:DecisionStart>2010-06-24</a:DecisionStart>\r\n		<a:DecisionEnd>9999-12-31</a:DecisionEnd>\r\n		<a:DecisionCode>507</a:DecisionCode>\r\n	</a:Decision>\r\n	<a:Decision>\r\n		<a:DecisionStart>2010-05-23</a:DecisionStart>\r\n		<a:DecisionEnd>9999-12-31</a:DecisionEnd>\r\n		<a:DecisionCode>ENT</a:DecisionCode>\r\n	</a:Decision>\r\n</a:Outcome>'),('CL100102A','','<?xml version=\"1.0\" encoding=\"UTF-8\"?><a:Outcome xmlns:a=\"http://www.erudine.com/v3/ca\">\r\n	<ClaimantNINO>CL100102A</ClaimantNINO>\r\n	<a:Decision>\r\n		<a:DecisionStart>2010-01-06</a:DecisionStart>\r\n		<a:DecisionEnd>9999-12-31</a:DecisionEnd>\r\n		<a:DecisionCode>ENT</a:DecisionCode>\r\n	</a:Decision>\r\n</a:Outcome>'),('CL100104A','','<?xml version=\"1.0\" encoding=\"UTF-8\"?><a:Outcome xmlns:a=\"http://www.erudine.com/v3/ca\">\r\n	<ClaimantNINO>CL100104A</ClaimantNINO>\r\n	<a:Decision>\r\n		<a:DecisionStart>2010-06-09</a:DecisionStart>\r\n		<a:DecisionEnd>2011-12-31</a:DecisionEnd>\r\n		<a:DecisionCode>ENT</a:DecisionCode>\r\n	</a:Decision>\r\n</a:Outcome>'),('CL100119A','','<?xml version=\"1.0\" encoding=\"UTF-8\"?><a:Outcome xmlns:a=\"http://www.erudine.com/v3/ca\">\r\n	<ClaimantNINO>CL100119A</ClaimantNINO>\r\n	<a:Decision>\r\n		<a:DecisionStart>2010-05-17</a:DecisionStart>\r\n		<a:DecisionEnd>2010-12-17</a:DecisionEnd>\r\n		<a:DecisionCode>ENT</a:DecisionCode>\r\n	</a:Decision>\r\n	<a:Decision>\r\n		<a:DecisionStart>2010-12-18</a:DecisionStart>\r\n		<a:DecisionEnd>2011-12-17</a:DecisionEnd>\r\n		<a:DecisionCode>502</a:DecisionCode>\r\n	</a:Decision>\r\n	<a:Decision>\r\n		<a:DecisionStart>2010-12-18</a:DecisionStart>\r\n		<a:DecisionEnd>9999-12-31</a:DecisionEnd>\r\n		<a:DecisionCode>599</a:DecisionCode>\r\n	</a:Decision>\r\n</a:Outcome>'),('CL800100A','','<?xml version=\"1.0\" encoding=\"UTF-8\"?><a:Outcome  xmlns:a=\"http://www.erudine.com/v3/ca\" >\r\n	<ClaimantNINO>CL800100A</ClaimantNINO>\r\n	<a:Decision>\r\n		<a:DecisionStart>2010-05-10</a:DecisionStart>\r\n		<a:DecisionEnd>9999-12-31</a:DecisionEnd>\r\n		<a:DecisionCode>ENT</a:DecisionCode>\r\n	</a:Decision>\r\n</a:Outcome>'),('CL900100A','','<?xml version=\"1.0\" encoding=\"UTF-8\"?><a:Outcome xmlns:a=\"http://www.erudine.com/v3/ca\">\r\n	<ClaimantNINO>CL900100A</ClaimantNINO>\r\n	<a:Decision>\r\n		<a:DecisionStart>2010-05-10</a:DecisionStart>\r\n		<a:DecisionEnd>9999-12-31</a:DecisionEnd>\r\n		<a:DecisionCode>ENT</a:DecisionCode>\r\n	</a:Decision>\r\n</a:Outcome>'),('CL900200A','','<?xml version=\"1.0\" encoding=\"UTF-8\"?><a:Outcome xmlns:a=\"http://www.erudine.com/v3/ca\">\r\n	<ClaimantNINO>CL900200A</ClaimantNINO>\r\n	<a:Decision>\r\n		<a:DecisionStart>2010-05-10</a:DecisionStart>\r\n		<a:DecisionEnd>9999-12-31</a:DecisionEnd>\r\n		<a:DecisionCode>ENT</a:DecisionCode>\r\n	</a:Decision>\r\n</a:Outcome>'),('CL900300A','','<?xml version=\"1.0\" encoding=\"UTF-8\"?><a:Outcome xmlns:a=\"http://www.erudine.com/v3/ca\">\r\n	<ClaimantNINO>CL900300A</ClaimantNINO>\r\n	<a:Decision>\r\n		<a:DecisionStart>2010-12-31</a:DecisionStart>\r\n		<a:DecisionEnd>9999-12-31</a:DecisionEnd>\r\n		<a:DecisionCode>ENT</a:DecisionCode>\r\n	</a:Decision>\r\n</a:Outcome>'),('CL900400A','','<?xml version=\"1.0\" encoding=\"UTF-8\"?><a:Outcome xmlns:a=\"http://www.erudine.com/v3/ca\">\r\n	<ClaimantNINO>CL900400A</ClaimantNINO>\r\n	<a:Decision>\r\n		<a:DecisionStart>2010-07-10</a:DecisionStart>\r\n		<a:DecisionEnd>9999-12-31</a:DecisionEnd>\r\n		<a:DecisionCode>ENT</a:DecisionCode>\r\n	</a:Decision>\r\n</a:Outcome>');
/*!40000 ALTER TABLE `decisions` ENABLE KEYS */;
UNLOCK TABLES;

--
-- Table structure for table `payments`
--

DROP TABLE IF EXISTS `payments`;
/*!40101 SET @saved_cs_client     = @@character_set_client */;
/*!40101 SET character_set_client = utf8 */;
CREATE TABLE `payments` (
  `nino` varchar(9) NOT NULL,
  `description` varchar(255) DEFAULT NULL,
  `xml` text CHARACTER SET utf8 COMMENT 'XML document CLOB',
  PRIMARY KEY (`nino`)
) ENGINE=InnoDB DEFAULT CHARSET=latin1 COMMENT='payments';
/*!40101 SET character_set_client = @saved_cs_client */;

--
-- Dumping data for table `payments`
--

LOCK TABLES `payments` WRITE;
/*!40000 ALTER TABLE `payments` DISABLE KEYS */;
INSERT INTO `payments` VALUES ('CL100100A','','<?xml version=\"1.0\" encoding=\"UTF-8\"?><a:Payments xmlns:a=\"http://www.erudine.com/v3/ca\">\r\n	<ClaimantNINO>CL100100A</ClaimantNINO>\r\n	<a:Payment>\r\n		<a:DecisionStart>2010-05-10</a:DecisionStart>\r\n		<a:DecisionEnd>2010-06-11</a:DecisionEnd>\r\n		<a:DecisionCode>502</a:DecisionCode>\r\n	</a:Payment>\r\n	<a:Payment>\r\n		<a:DecisionStart>2010-06-12</a:DecisionStart>\r\n		<a:DecisionEnd>9999-12-31</a:DecisionEnd>\r\n		<a:DecisionCode>ENT</a:DecisionCode>\r\n	</a:Payment>\r\n</a:Payments>'),('CL100101A','','<?xml version=\"1.0\" encoding=\"UTF-8\"?><a:Payments xmlns:a=\"http://www.erudine.com/v3/ca\">\r\n	<ClaimantNINO>CL100101A</ClaimantNINO>\r\n	<a:Payment>\r\n		<a:DecisionStart>2010-04-01</a:DecisionStart>\r\n		<a:DecisionEnd>2010-04-02</a:DecisionEnd>\r\n		<a:DecisionCode>156</a:DecisionCode>\r\n	</a:Payment>\r\n	<a:Payment>\r\n		<a:DecisionStart>2010-04-03</a:DecisionStart>\r\n		<a:DecisionEnd>2010-04-18</a:DecisionEnd>\r\n		<a:DecisionCode>503</a:DecisionCode>\r\n	</a:Payment>\r\n	<a:Payment>\r\n		<a:DecisionStart>2010-04-19</a:DecisionStart>\r\n		<a:DecisionEnd>2010-04-21</a:DecisionEnd>\r\n		<a:DecisionCode>ENT</a:DecisionCode>\r\n	</a:Payment>\r\n	<a:Payment>\r\n		<a:DecisionStart>2010-04-22</a:DecisionStart>\r\n		<a:DecisionEnd>2010-04-30</a:DecisionEnd>\r\n		<a:DecisionCode>502</a:DecisionCode>\r\n	</a:Payment>\r\n	<a:Payment>\r\n		<a:DecisionStart>2010-05-01</a:DecisionStart>\r\n		<a:DecisionEnd>2010-05-23</a:DecisionEnd>\r\n		<a:DecisionCode>142</a:DecisionCode>\r\n	</a:Payment>\r\n	<a:Payment>\r\n		<a:DecisionStart>2010-05-23</a:DecisionStart>\r\n		<a:DecisionEnd>2010-05-30</a:DecisionEnd>\r\n		<a:DecisionCode>599</a:DecisionCode>\r\n	</a:Payment>\r\n	<a:Payment>\r\n		<a:DecisionStart>2010-06-01</a:DecisionStart>\r\n		<a:DecisionEnd>2010-06-05</a:DecisionEnd>\r\n		<a:DecisionCode>510</a:DecisionCode>\r\n	</a:Payment>\r\n	<a:Payment>\r\n		<a:DecisionStart>2010-06-06</a:DecisionStart>\r\n		<a:DecisionEnd>2010-06-016</a:DecisionEnd>\r\n		<a:DecisionCode>156</a:DecisionCode>\r\n	</a:Payment>\r\n	<a:Payment>\r\n		<a:DecisionStart>2010-06-17</a:DecisionStart>\r\n		<a:DecisionEnd>2010-06-23</a:DecisionEnd>\r\n		<a:DecisionCode>504</a:DecisionCode>\r\n	</a:Payment>\r\n	<a:Payment>\r\n		<a:DecisionStart>2010-06-24</a:DecisionStart>\r\n		<a:DecisionEnd>9999-12-31</a:DecisionEnd>\r\n		<a:DecisionCode>507</a:DecisionCode>\r\n	</a:Payment>\r\n	<a:Payment>\r\n		<a:DecisionStart>2010-05-23</a:DecisionStart>\r\n		<a:DecisionEnd>9999-12-31</a:DecisionEnd>\r\n		<a:DecisionCode>ENT</a:DecisionCode>\r\n	</a:Payment>\r\n</a:Payments>'),('CL100102A','','<?xml version=\"1.0\" encoding=\"UTF-8\"?><a:Payments xmlns:a=\"http://www.erudine.com/v3/ca\">\r\n	<ClaimantNINO>CL100102A</ClaimantNINO>\r\n	<a:Payment>\r\n		<a:DecisionStart>2010-01-06</a:DecisionStart>\r\n		<a:DecisionEnd>9999-12-31</a:DecisionEnd>\r\n		<a:DecisionCode>ENT</a:DecisionCode>\r\n	</a:Payment>\r\n</a:Payments>'),('CL100104A','','<?xml version=\"1.0\" encoding=\"UTF-8\"?><a:Payments xmlns:a=\"http://www.erudine.com/v3/ca\">\r\n	<ClaimantNINO>CL100104A</ClaimantNINO>\r\n	<a:Payment>\r\n		<a:DecisionStart>2010-06-09</a:DecisionStart>\r\n		<a:DecisionEnd>2011-12-31</a:DecisionEnd>\r\n		<a:DecisionCode>ENT</a:DecisionCode>\r\n	</a:Payment>\r\n</a:Payments>'),('CL100119A','','<?xml version=\"1.0\" encoding=\"UTF-8\"?><a:Payments xmlns:a=\"http://www.erudine.com/v3/ca\">\r\n	<ClaimantNINO>CL100119A</ClaimantNINO>\r\n	<a:Payment>\r\n		<a:DecisionStart>2010-05-17</a:DecisionStart>\r\n		<a:DecisionEnd>2010-12-17</a:DecisionEnd>\r\n		<a:DecisionCode>ENT</a:DecisionCode>\r\n	</a:Payment>\r\n	<a:Payment>\r\n		<a:DecisionStart>2010-12-18</a:DecisionStart>\r\n		<a:DecisionEnd>2011-12-17</a:DecisionEnd>\r\n		<a:DecisionCode>502</a:DecisionCode>\r\n	</a:Payment>\r\n	<a:Payment>\r\n		<a:DecisionStart>2010-12-18</a:DecisionStart>\r\n		<a:DecisionEnd>9999-12-31</a:DecisionEnd>\r\n		<a:DecisionCode>599</a:DecisionCode>\r\n	</a:Payment>\r\n</a:Payments>'),('CL800100A','','<?xml version=\"1.0\" encoding=\"UTF-8\"?><a:Payments  xmlns:a=\"http://www.erudine.com/v3/ca\" >\r\n	<ClaimantNINO>CL800100A</ClaimantNINO>\r\n	<a:Payment>\r\n		<a:DecisionStart>2010-05-10</a:DecisionStart>\r\n		<a:DecisionEnd>9999-12-31</a:DecisionEnd>\r\n		<a:DecisionCode>ENT</a:DecisionCode>\r\n	</a:Payment>\r\n</a:Payments>'),('CL900100A','','<?xml version=\"1.0\" encoding=\"UTF-8\"?><a:Payments xmlns:a=\"http://www.erudine.com/v3/ca\">\r\n	<ClaimantNINO>CL900100A</ClaimantNINO>\r\n	<a:Payment>\r\n		<a:DecisionStart>2010-05-10</a:DecisionStart>\r\n		<a:DecisionEnd>9999-12-31</a:DecisionEnd>\r\n		<a:DecisionCode>ENT</a:DecisionCode>\r\n	</a:Payment>\r\n</a:Payments>'),('CL900200A','','<?xml version=\"1.0\" encoding=\"UTF-8\"?><a:Payments xmlns:a=\"http://www.erudine.com/v3/ca\">\r\n	<ClaimantNINO>CL900200A</ClaimantNINO>\r\n	<a:Payment>\r\n		<a:DecisionStart>2010-05-10</a:DecisionStart>\r\n		<a:DecisionEnd>9999-12-31</a:DecisionEnd>\r\n		<a:DecisionCode>ENT</a:DecisionCode>\r\n	</a:Payment>\r\n</a:Payments>'),('CL900300A','','<?xml version=\"1.0\" encoding=\"UTF-8\"?><a:Payments xmlns:a=\"http://www.erudine.com/v3/ca\">\r\n	<ClaimantNINO>CL900300A</ClaimantNINO>\r\n	<a:Payment>\r\n		<a:DecisionStart>2010-12-31</a:DecisionStart>\r\n		<a:DecisionEnd>9999-12-31</a:DecisionEnd>\r\n		<a:DecisionCode>ENT</a:DecisionCode>\r\n	</a:Payment>\r\n</a:Payments>'),('CL900400A','','<?xml version=\"1.0\" encoding=\"UTF-8\"?><a:Payments xmlns:a=\"http://www.erudine.com/v3/ca\">\r\n	<ClaimantNINO>CL900400A</ClaimantNINO>\r\n	<a:Payment>\r\n		<a:DecisionStart>2010-07-10</a:DecisionStart>\r\n		<a:DecisionEnd>9999-12-31</a:DecisionEnd>\r\n		<a:DecisionCode>ENT</a:DecisionCode>\r\n	</a:Payment>\r\n</a:Payments>');
/*!40000 ALTER TABLE `payments` ENABLE KEYS */;
UNLOCK TABLES;

--
-- Table structure for table `validate_claims`
--

DROP TABLE IF EXISTS `validate_claims`;
/*!40101 SET @saved_cs_client     = @@character_set_client */;
/*!40101 SET character_set_client = utf8 */;
CREATE TABLE `validate_claims` (
  `nino` varchar(9) NOT NULL,
  `description` varchar(255) DEFAULT NULL COMMENT 'Description of validate Claim',
  `xml` mediumtext CHARACTER SET utf8 COMMENT 'XML document CLOB',
  PRIMARY KEY (`nino`)
) ENGINE=InnoDB DEFAULT CHARSET=latin1 COMMENT='claims data';
/*!40101 SET character_set_client = @saved_cs_client */;

--
-- Dumping data for table `validate_claims`
--

LOCK TABLES `validate_claims` WRITE;
/*!40000 ALTER TABLE `validate_claims` DISABLE KEYS */;
INSERT INTO `validate_claims` VALUES ('CL100100A','','<?xml version=\"1.0\" encoding=\"UTF-8\"?>\r\n<!--Sample XML file generated by XMLSpy v2010 rel. 3 sp1 (http://www.altova.com)-->\r\n<ValidateClaim xsi:schemaLocation=\"http://www.erudine.com/v3/ca Conversation%20v1_4%202010-07-06.xsd\" xmlns=\"http://www.erudine.com/v3/ca\" xmlns:n1=\"http://www.erudine.com/v3/ca\" xmlns:xsi=\"http://www.w3.org/2001/XMLSchema-instance\">\r\n	<piid>String</piid>\r\n	<newClaimantData>true</newClaimantData>\r\n	<ClaimantData>\r\n		<ClaimantNINO>CL100100A</ClaimantNINO>\r\n		<ClaimantNameDetails>\r\n			<PersonNameTitle>MR</PersonNameTitle>\r\n			<PersonGivenName>ADRIAN ROBERT</PersonGivenName>\r\n			<PersonFamilyName>HEPWORTH</PersonFamilyName>\r\n			<PersonNameSuffix>BSC</PersonNameSuffix>\r\n			<PersonRequestedName>BOB HEPWORTH</PersonRequestedName>\r\n		</ClaimantNameDetails>\r\n		<ClaimantBirthDate>\r\n			<PersonBirthDate>1970-08-13</PersonBirthDate>\r\n			<VerificationLevel>Level 1</VerificationLevel>\r\n		</ClaimantBirthDate>\r\n		<ClaimantDeathDate>\r\n			<PersonDeathDate>3000-01-01</PersonDeathDate>\r\n			<VerificationLevel>Level 0</VerificationLevel>\r\n		</ClaimantDeathDate>\r\n		<ClaimantMaritalStatus>\r\n			<MaritalStatus>s</MaritalStatus>\r\n			<VerificationLevel>Level 1</VerificationLevel>\r\n		</ClaimantMaritalStatus>\r\n		<ClaimantGenderAtRegistration>1</ClaimantGenderAtRegistration>\r\n		<ClaimantGenderCurrent>1</ClaimantGenderCurrent>\r\n		<ClaimantNationality>GB</ClaimantNationality>\r\n		<ClaimantContactDetails>\r\n			<PreferredLanguages>en</PreferredLanguages>\r\n			<Telephone n1:TelMobile=\"no\" n1:TelUse=\"home\" n1:TelPreferred=\"yes\">\r\n				<TelNationalNumber>01937843786</TelNationalNumber>\r\n				<TelExtensionNumber>0</TelExtensionNumber>\r\n				<TelCountryCode>44</TelCountryCode>\r\n			</Telephone>\r\n		</ClaimantContactDetails>\r\n		<ClaimantAddress>\r\n			<Line1>5 LONSDALE MEADOWS</Line1>\r\n			<Line2>BOSTON SPA</Line2>\r\n			<PostCode>LS23 6DQ</PostCode>\r\n		</ClaimantAddress>\r\n	</ClaimantData>\r\n	<newClaimData>true</newClaimData>\r\n	<ClaimData>\r\n		<ClaimStartDate>2010-05-10</ClaimStartDate>\r\n		<ClaimNinoKnown>yes</ClaimNinoKnown>\r\n		<ClaimPrevious>no</ClaimPrevious>\r\n		<ClaimPreviousPaid>no</ClaimPreviousPaid>\r\n		<ClaimOverseas>no</ClaimOverseas>\r\n		<ClaimAlwaysUK>yes</ClaimAlwaysUK>\r\n		<ClaimCurrentResidentUK>yes</ClaimCurrentResidentUK>\r\n		<ClaimPartnerExists>no</ClaimPartnerExists>\r\n		<ClaimPaidCare>no</ClaimPaidCare>\r\n		<ClaimRivalCarer>no</ClaimRivalCarer>\r\n		<Claim35Hours>yes</Claim35Hours>\r\n		<ClaimBreakInCare>no</ClaimBreakInCare>\r\n		<ClaimPrior35Hours>no</ClaimPrior35Hours>\r\n		<ClaimEducationFullTime>no</ClaimEducationFullTime>\r\n	</ClaimData>\r\n	<newPartnerData>true</newPartnerData>\r\n	<newDependantData>true</newDependantData>\r\n	<DependantData>\r\n		<DependantNINO>DP100100A</DependantNINO>\r\n		<DependantNameDetails>\r\n			<PersonNameTitle>MRS</PersonNameTitle>\r\n			<PersonGivenName>MAUREEN</PersonGivenName>\r\n			<PersonFamilyName>HEPWORTH</PersonFamilyName>\r\n			<PersonNameSuffix> </PersonNameSuffix>\r\n			<PersonRequestedName> </PersonRequestedName>\r\n		</DependantNameDetails>\r\n		<DependantBirthDate>\r\n			<PersonBirthDate>1920-05-01</PersonBirthDate>\r\n			<VerificationLevel>Level 1</VerificationLevel>\r\n		</DependantBirthDate>\r\n		<DependantMaritalStatus>\r\n			<MaritalStatus>w</MaritalStatus>\r\n			<VerificationLevel>Level 1</VerificationLevel>\r\n		</DependantMaritalStatus>\r\n		<DependantGenderAtRegistration>2</DependantGenderAtRegistration>\r\n		<DependantGenderCurrent>2</DependantGenderCurrent>\r\n		<DependantNationality>GB</DependantNationality>\r\n		<DependantAddress>\r\n			<Line1>9 HALL MEWS</Line1>\r\n			<Line2>BOSTON SPA</Line2>\r\n			<PostCode>LS23 6QB</PostCode>\r\n		</DependantAddress>\r\n	</DependantData>\r\n	<newPaidCareData>true</newPaidCareData>\r\n	<newRivalCarerData>true</newRivalCarerData>\r\n	<newStatementData>true</newStatementData>\r\n	<StatementData>\r\n		<StatementRole>Self</StatementRole>\r\n		<StatementSignature/>\r\n		<StatementDate>2010-05-10</StatementDate>\r\n		<StatementHoursConfirmed>yes</StatementHoursConfirmed>\r\n		<StatementHoursUnconfirmed>no</StatementHoursUnconfirmed>\r\n		<StatementReason/>\r\n	</StatementData>\r\n	<newResidenceData>true</newResidenceData>\r\n	<ResidenceData>\r\n		<ResidenceNormallyGB>yes</ResidenceNormallyGB>\r\n		<ResidenceNormalCountry/>\r\n		<ResidenceCurrentlyGB>yes</ResidenceCurrentlyGB>\r\n		<Residence4WeeksOutsideGB>no</Residence4WeeksOutsideGB>\r\n		<ResidencePrior12Months>no</ResidencePrior12Months>\r\n	</ResidenceData>\r\n	<newEducationData>true</newEducationData>\r\n	<ResponseData>\r\n		<ResponseMessage>\r\n			<MessageID>CA0000</MessageID>\r\n			<MessageStatus>INFO</MessageStatus>\r\n			<MessageContent> </MessageContent>\r\n		</ResponseMessage>\r\n		<ResponseAction>\r\n			<ActionID>AUDIT</ActionID>\r\n			<AUDITAction>\r\n				<AuditVersion>0.0</AuditVersion>\r\n				<AuditTimeStamp>1967-08-13</AuditTimeStamp>\r\n				<AuditNINO>AA000000A</AuditNINO>\r\n				<AuditString>String</AuditString>\r\n			</AUDITAction>\r\n		</ResponseAction>\r\n	</ResponseData>\r\n</ValidateClaim>'),('CL100101A','','<?xml version=\"1.0\" encoding=\"UTF-8\"?>\r\n<!--Sample XML file generated by XMLSpy v2010 rel. 3 sp1 (http://www.altova.com)-->\r\n<ValidateClaim xsi:schemaLocation=\"http://www.erudine.com/v3/ca Conversation%20v1_3%202010-07-05.xsd\" xmlns=\"http://www.erudine.com/v3/ca\" xmlns:n1=\"http://www.erudine.com/v3/ca\" xmlns:xsi=\"http://www.w3.org/2001/XMLSchema-instance\">\r\n	<piid>String</piid>\r\n	<newClaimantData>true</newClaimantData>\r\n	<ClaimantData>\r\n		<ClaimantNINO>CL100101A</ClaimantNINO>\r\n		<ClaimantNameDetails>\r\n			<PersonNameTitle>MR</PersonNameTitle>\r\n			<PersonGivenName>ADRIAN ROBERT</PersonGivenName>\r\n			<PersonFamilyName>HEPWORTH</PersonFamilyName>\r\n			<PersonNameSuffix>BSC</PersonNameSuffix>\r\n			<PersonRequestedName>BOB HEPWORTH</PersonRequestedName>\r\n		</ClaimantNameDetails>\r\n		<ClaimantBirthDate>\r\n			<PersonBirthDate>1970-08-13</PersonBirthDate>\r\n			<VerificationLevel>Level 1</VerificationLevel>\r\n		</ClaimantBirthDate>\r\n		<ClaimantDeathDate>\r\n			<PersonDeathDate>3000-01-01</PersonDeathDate>\r\n			<VerificationLevel>Level 0</VerificationLevel>\r\n		</ClaimantDeathDate>\r\n		<ClaimantMaritalStatus>\r\n			<MaritalStatus>s</MaritalStatus>\r\n			<VerificationLevel>Level 1</VerificationLevel>\r\n		</ClaimantMaritalStatus>\r\n		<ClaimantGenderAtRegistration>1</ClaimantGenderAtRegistration>\r\n		<ClaimantGenderCurrent>1</ClaimantGenderCurrent>\r\n		<ClaimantNationality>GB</ClaimantNationality>\r\n		<ClaimantContactDetails>\r\n			<PreferredLanguages>en</PreferredLanguages>\r\n			<Telephone n1:TelMobile=\"no\" n1:TelUse=\"home\" n1:TelPreferred=\"yes\">\r\n				<TelNationalNumber>01937843786</TelNationalNumber>\r\n				<TelExtensionNumber>0</TelExtensionNumber>\r\n				<TelCountryCode>44</TelCountryCode>\r\n			</Telephone>\r\n		</ClaimantContactDetails>\r\n		<ClaimantAddress>\r\n			<Line>5 LONSDALE MEADOWS</Line>\r\n			<Line>BOSTON SPA</Line>\r\n			<PostCode>LS23 6DQ</PostCode>\r\n		</ClaimantAddress>\r\n	</ClaimantData>\r\n	<newClaimData>true</newClaimData>\r\n	<ClaimData>\r\n		<ClaimStartDate>2010-04-01</ClaimStartDate>\r\n		<ClaimNinoKnown>yes</ClaimNinoKnown>\r\n		<ClaimPrevious>no</ClaimPrevious>\r\n		<ClaimPreviousPaid>no</ClaimPreviousPaid>\r\n		<ClaimOverseas>no</ClaimOverseas>\r\n		<ClaimAlwaysUK>yes</ClaimAlwaysUK>\r\n		<ClaimCurrentResidentUK>yes</ClaimCurrentResidentUK>\r\n		<ClaimPartnerExists>no</ClaimPartnerExists>\r\n		<ClaimPaidCare>no</ClaimPaidCare>\r\n		<ClaimRivalCarer>no</ClaimRivalCarer>\r\n		<Claim35Hours>yes</Claim35Hours>\r\n		<ClaimBreakInCare>no</ClaimBreakInCare>\r\n		<ClaimPrior35Hours>no</ClaimPrior35Hours>\r\n	</ClaimData>\r\n	<newPartnerData>true</newPartnerData>\r\n	<newDependantData>true</newDependantData>\r\n	<DependantData>\r\n		<DependantNINO>DP100101A</DependantNINO>\r\n		<DependantNameDetails>\r\n			<PersonNameTitle>MRS</PersonNameTitle>\r\n			<PersonGivenName>MAUREEN</PersonGivenName>\r\n			<PersonFamilyName>HEPWORTH</PersonFamilyName>\r\n			<PersonNameSuffix> </PersonNameSuffix>\r\n			<PersonRequestedName> </PersonRequestedName>\r\n		</DependantNameDetails>\r\n		<DependantBirthDate>\r\n			<PersonBirthDate>1920-05-01</PersonBirthDate>\r\n			<VerificationLevel>Level 1</VerificationLevel>\r\n		</DependantBirthDate>\r\n		<DependantMaritalStatus>\r\n			<MaritalStatus>w</MaritalStatus>\r\n			<VerificationLevel>Level 1</VerificationLevel>\r\n		</DependantMaritalStatus>\r\n		<DependantGenderAtRegistration>2</DependantGenderAtRegistration>\r\n		<DependantGenderCurrent>2</DependantGenderCurrent>\r\n		<DependantNationality>GB</DependantNationality>\r\n		<DependantAddress>\r\n			<Line>9 HALL MEWS</Line>\r\n			<Line>BOSTON SPA</Line>\r\n			<PostCode>LS23 6QB</PostCode>\r\n		</DependantAddress>\r\n	</DependantData>\r\n	<newPaidCareData>true</newPaidCareData>\r\n	<newRivalCarerData>true</newRivalCarerData>\r\n	<newStatementData>true</newStatementData>\r\n	<StatementData>\r\n		<StatementRole>Self</StatementRole>\r\n		<StatementSignature/>\r\n		<StatementDate>2010-05-10</StatementDate>\r\n		<StatementHoursConfirmed>yes</StatementHoursConfirmed>\r\n		<StatementHoursUnconfirmed>no</StatementHoursUnconfirmed>\r\n		<StatementReason/>\r\n	</StatementData>\r\n	<newResidenceData>true</newResidenceData>\r\n	<ResidenceData>\r\n		<ResidenceNormallyGB>yes</ResidenceNormallyGB>\r\n		<ResidenceNormalCountry/>\r\n		<ResidenceCurrentlyGB>yes</ResidenceCurrentlyGB>\r\n		<Residence4WeeksOutsideGB>no</Residence4WeeksOutsideGB>\r\n		<ResidencePrior12Months>no</ResidencePrior12Months>\r\n	</ResidenceData>\r\n	<newEducationData>true</newEducationData>\r\n	<ResponseData>\r\n		<ResponseMessage>\r\n			<MessageID>CA0000</MessageID>\r\n			<MessageStatus>INFO</MessageStatus>\r\n			<MessageContent> </MessageContent>\r\n		</ResponseMessage>\r\n		<ResponseAction>\r\n			<ActionID>AUDIT</ActionID>\r\n			<AUDITAction>\r\n				<AuditVersion>0.0</AuditVersion>\r\n				<AuditTimeStamp>1967-08-13</AuditTimeStamp>\r\n				<AuditNINO>AA000000A</AuditNINO>\r\n				<AuditString>String</AuditString>\r\n			</AUDITAction>\r\n		</ResponseAction>\r\n	</ResponseData>\r\n</ValidateClaim>'),('CL100102A','','<?xml version=\"1.0\" encoding=\"UTF-8\"?>\r\n<!--Sample XML file generated by XMLSpy v2010 rel. 3 sp1 (http://www.altova.com)-->\r\n<ValidateClaim xsi:schemaLocation=\"http://www.erudine.com/v3/ca Conversation%20v1_3%202010-07-05.xsd\" xmlns=\"http://www.erudine.com/v3/ca\" xmlns:n1=\"http://www.erudine.com/v3/ca\" xmlns:xsi=\"http://www.w3.org/2001/XMLSchema-instance\">\r\n	<piid>String</piid>\r\n	<newClaimantData>true</newClaimantData>\r\n	<ClaimantData>\r\n		<ClaimantNINO>CL100102A</ClaimantNINO>\r\n		<ClaimantNameDetails>\r\n			<PersonNameTitle>MR</PersonNameTitle>\r\n			<PersonGivenName>ADRIAN ROBERT</PersonGivenName>\r\n			<PersonFamilyName>HEPWORTH</PersonFamilyName>\r\n			<PersonNameSuffix>BSC</PersonNameSuffix>\r\n			<PersonRequestedName>BOB HEPWORTH</PersonRequestedName>\r\n		</ClaimantNameDetails>\r\n		<ClaimantBirthDate>\r\n			<PersonBirthDate>1970-08-13</PersonBirthDate>\r\n			<VerificationLevel>Level 1</VerificationLevel>\r\n		</ClaimantBirthDate>\r\n		<ClaimantDeathDate>\r\n			<PersonDeathDate>3000-01-01</PersonDeathDate>\r\n			<VerificationLevel>Level 0</VerificationLevel>\r\n		</ClaimantDeathDate>\r\n		<ClaimantMaritalStatus>\r\n			<MaritalStatus>s</MaritalStatus>\r\n			<VerificationLevel>Level 1</VerificationLevel>\r\n		</ClaimantMaritalStatus>\r\n		<ClaimantGenderAtRegistration>1</ClaimantGenderAtRegistration>\r\n		<ClaimantGenderCurrent>1</ClaimantGenderCurrent>\r\n		<ClaimantNationality>GB</ClaimantNationality>\r\n		<ClaimantContactDetails>\r\n			<PreferredLanguages>en</PreferredLanguages>\r\n			<Telephone n1:TelMobile=\"no\" n1:TelUse=\"home\" n1:TelPreferred=\"yes\">\r\n				<TelNationalNumber>01937843786</TelNationalNumber>\r\n				<TelExtensionNumber>0</TelExtensionNumber>\r\n				<TelCountryCode>44</TelCountryCode>\r\n			</Telephone>\r\n		</ClaimantContactDetails>\r\n		<ClaimantAddress>\r\n			<Line>5 LONSDALE MEADOWS</Line>\r\n			<Line>BOSTON SPA</Line>\r\n			<PostCode>LS23 6DQ</PostCode>\r\n		</ClaimantAddress>\r\n	</ClaimantData>\r\n	<newClaimData>true</newClaimData>\r\n	<ClaimData>\r\n		<ClaimStartDate>2010-01-06</ClaimStartDate>\r\n		<ClaimNinoKnown>yes</ClaimNinoKnown>\r\n		<ClaimPrevious>no</ClaimPrevious>\r\n		<ClaimPreviousPaid>no</ClaimPreviousPaid>\r\n		<ClaimOverseas>no</ClaimOverseas>\r\n		<ClaimAlwaysUK>yes</ClaimAlwaysUK>\r\n		<ClaimCurrentResidentUK>yes</ClaimCurrentResidentUK>\r\n		<ClaimPartnerExists>no</ClaimPartnerExists>\r\n		<ClaimPaidCare>no</ClaimPaidCare>\r\n		<ClaimRivalCarer>no</ClaimRivalCarer>\r\n		<Claim35Hours>yes</Claim35Hours>\r\n		<ClaimBreakInCare>no</ClaimBreakInCare>\r\n		<ClaimPrior35Hours>no</ClaimPrior35Hours>\r\n	</ClaimData>\r\n	<newPartnerData>true</newPartnerData>\r\n	<newDependantData>true</newDependantData>\r\n	<DependantData>\r\n		<DependantNINO>DP100102A</DependantNINO>\r\n		<DependantNameDetails>\r\n			<PersonNameTitle>MRS</PersonNameTitle>\r\n			<PersonGivenName>MAUREEN</PersonGivenName>\r\n			<PersonFamilyName>HEPWORTH</PersonFamilyName>\r\n			<PersonNameSuffix> </PersonNameSuffix>\r\n			<PersonRequestedName> </PersonRequestedName>\r\n		</DependantNameDetails>\r\n		<DependantBirthDate>\r\n			<PersonBirthDate>1920-05-01</PersonBirthDate>\r\n			<VerificationLevel>Level 1</VerificationLevel>\r\n		</DependantBirthDate>\r\n		<DependantMaritalStatus>\r\n			<MaritalStatus>w</MaritalStatus>\r\n			<VerificationLevel>Level 1</VerificationLevel>\r\n		</DependantMaritalStatus>\r\n		<DependantGenderAtRegistration>2</DependantGenderAtRegistration>\r\n		<DependantGenderCurrent>2</DependantGenderCurrent>\r\n		<DependantNationality>GB</DependantNationality>\r\n		<DependantAddress>\r\n			<Line>9 HALL MEWS</Line>\r\n			<Line>BOSTON SPA</Line>\r\n			<PostCode>LS23 6QB</PostCode>\r\n		</DependantAddress>\r\n	</DependantData>\r\n	<newPaidCareData>true</newPaidCareData>\r\n	<newRivalCarerData>true</newRivalCarerData>\r\n	<newStatementData>true</newStatementData>\r\n	<StatementData>\r\n		<StatementRole>Self</StatementRole>\r\n		<StatementSignature/>\r\n		<StatementDate>2010-05-10</StatementDate>\r\n		<StatementHoursConfirmed>yes</StatementHoursConfirmed>\r\n		<StatementHoursUnconfirmed>no</StatementHoursUnconfirmed>\r\n		<StatementReason/>\r\n	</StatementData>\r\n	<newResidenceData>true</newResidenceData>\r\n	<ResidenceData>\r\n		<ResidenceNormallyGB>yes</ResidenceNormallyGB>\r\n		<ResidenceNormalCountry/>\r\n		<ResidenceCurrentlyGB>yes</ResidenceCurrentlyGB>\r\n		<Residence4WeeksOutsideGB>no</Residence4WeeksOutsideGB>\r\n		<ResidencePrior12Months>no</ResidencePrior12Months>\r\n	</ResidenceData>\r\n	<newEducationData>true</newEducationData>\r\n	<ResponseData>\r\n		<ResponseMessage>\r\n			<MessageID>CA0000</MessageID>\r\n			<MessageStatus>INFO</MessageStatus>\r\n			<MessageContent> </MessageContent>\r\n		</ResponseMessage>\r\n		<ResponseAction>\r\n			<ActionID>AUDIT</ActionID>\r\n			<AUDITAction>\r\n				<AuditVersion>0.0</AuditVersion>\r\n				<AuditTimeStamp>1967-08-13</AuditTimeStamp>\r\n				<AuditNINO>AA000000A</AuditNINO>\r\n				<AuditString>String</AuditString>\r\n			</AUDITAction>\r\n		</ResponseAction>\r\n	</ResponseData>\r\n</ValidateClaim>'),('CL100104A','','<?xml version=\"1.0\" encoding=\"UTF-8\"?>\r\n<!--Sample XML file generated by XMLSpy v2010 rel. 3 sp1 (http://www.altova.com)-->\r\n<ValidateClaim xsi:schemaLocation=\"http://www.erudine.com/v3/ca Conversation%20v2_1%202010-07-16.xsd\" xmlns=\"http://www.erudine.com/v3/ca\" xmlns:n1=\"http://www.erudine.com/v3/ca\" xmlns:xsi=\"http://www.w3.org/2001/XMLSchema-instance\">\r\n	<piid>String</piid>\r\n	<newClaimantData>true</newClaimantData>\r\n	<ClaimantData>\r\n		<ClaimantNINO>CL100104A</ClaimantNINO>\r\n		<ClaimantNameDetails>\r\n			<PersonNameTitle>MR</PersonNameTitle>\r\n			<PersonGivenName>AGE</PersonGivenName>\r\n			<PersonFamilyName>UNDER-SIXTEEN</PersonFamilyName>\r\n			<PersonNameSuffix>PHD</PersonNameSuffix>\r\n			<PersonRequestedName>JUNIOR</PersonRequestedName>\r\n		</ClaimantNameDetails>\r\n		<ClaimantBirthDate>\r\n			<PersonBirthDate>1996-12-10</PersonBirthDate>\r\n			<VerificationLevel>Level 1</VerificationLevel>\r\n		</ClaimantBirthDate>\r\n		<ClaimantDeathDate>\r\n			<PersonDeathDate>3999-12-31</PersonDeathDate>\r\n			<VerificationLevel>Level 0</VerificationLevel>\r\n		</ClaimantDeathDate>\r\n		<ClaimantMaritalStatus>\r\n			<MaritalStatus>Single</MaritalStatus>\r\n			<VerificationLevel>Level 0</VerificationLevel>\r\n		</ClaimantMaritalStatus>\r\n		<ClaimantGenderAtRegistration>1 = Male</ClaimantGenderAtRegistration>\r\n		<ClaimantGenderCurrent>1 = Male</ClaimantGenderCurrent>\r\n		<ClaimantNationality>GB</ClaimantNationality>\r\n		<ClaimantContactDetails>\r\n			<PreferredLanguages>en</PreferredLanguages>\r\n			<Email n1:EmailUse=\"work\" n1:EmailPreferred=\"yes\">\r\n				<EmailAddress>age.under-sixteen@school.com</EmailAddress>\r\n			</Email>\r\n		</ClaimantContactDetails>\r\n		<ClaimantAddress>\r\n			<Line1>16 YEARS OLD</Line1>\r\n			<Line2>MILTON KEYNES</Line2>\r\n			<PostCode>MK1 1AA</PostCode>\r\n		</ClaimantAddress>\r\n	</ClaimantData>\r\n	<newClaimData>true</newClaimData>\r\n	<ClaimData>\r\n		<ClaimStartDate>2010-06-09</ClaimStartDate>\r\n		<ClaimEndDate>3999-12-31</ClaimEndDate>\r\n		<ClaimNinoKnown>yes</ClaimNinoKnown>\r\n		<ClaimPrevious>no</ClaimPrevious>\r\n		<ClaimOverseas>yes</ClaimOverseas>\r\n		<ClaimEUArea>yes</ClaimEUArea>\r\n		<ClaimEUDependantChildren>no</ClaimEUDependantChildren>\r\n		<ClaimAlwaysUK>yes</ClaimAlwaysUK>\r\n		<ClaimCurrentResidentUK>yes</ClaimCurrentResidentUK>\r\n		<ClaimPartnerExists>no</ClaimPartnerExists>\r\n		<ClaimRelationToCarer>Son</ClaimRelationToCarer>\r\n		<ClaimPaidCare>no</ClaimPaidCare>\r\n		<ClaimRivalCarer>no</ClaimRivalCarer>\r\n		<Claim35Hours>yes</Claim35Hours>\r\n		<ClaimBreakInCare>no</ClaimBreakInCare>\r\n		<ClaimPrior35Hours>no</ClaimPrior35Hours>\r\n		<ClaimDependantAwayFromHome>no</ClaimDependantAwayFromHome>\r\n		<ClaimEducationFullTime>yes</ClaimEducationFullTime>\r\n		<ClaimEmployment>no</ClaimEmployment>\r\n		<ClaimRentalIncome>no</ClaimRentalIncome>\r\n		<ClaimPaidClass2NIC>no</ClaimPaidClass2NIC>\r\n		<ClaimSelfEmployed>no</ClaimSelfEmployed>\r\n	</ClaimData>\r\n	<newPartnerData>true</newPartnerData>\r\n	<newDependantData>true</newDependantData>\r\n	<DependantData>\r\n		<DependantNINO>DP100104A</DependantNINO>\r\n		<DependantNameDetails>\r\n			<PersonNameTitle>MRS</PersonNameTitle>\r\n			<PersonGivenName>CARED-FOR</PersonGivenName>\r\n			<PersonFamilyName>BY-A-CHILD</PersonFamilyName>\r\n		</DependantNameDetails>\r\n		<DependantBirthDate>\r\n			<PersonBirthDate>1935-06-09</PersonBirthDate>\r\n			<VerificationLevel>Level 1</VerificationLevel>\r\n		</DependantBirthDate>\r\n		<DependantMaritalStatus>\r\n			<MaritalStatus>Widowed</MaritalStatus>\r\n			<VerificationLevel>Level 1</VerificationLevel>\r\n		</DependantMaritalStatus>\r\n		<DependantGenderAtRegistration>2 = Female</DependantGenderAtRegistration>\r\n		<DependantGenderCurrent>2 = Female</DependantGenderCurrent>\r\n		<DependantNationality>GB</DependantNationality>\r\n		<DependantContactDetails>\r\n			<PreferredLanguages>en</PreferredLanguages>\r\n		</DependantContactDetails>\r\n		<DependantAddress>\r\n			<Line1>2 CARED FOR LANE</Line1>\r\n			<Line2>BRISTOL</Line2>\r\n			<PostCode>BS1 2AA</PostCode>\r\n		</DependantAddress>\r\n	</DependantData>\r\n	<newPaidCareData>false</newPaidCareData>\r\n	<newRivalCarerData>false</newRivalCarerData>\r\n	<newStatementData>true</newStatementData>\r\n	<StatementData>\r\n		<StatementType>SignedBySelf</StatementType>\r\n		<StatementRole>Self</StatementRole>\r\n		<StatementSignature>BLANK</StatementSignature>\r\n		<StatementDate>2010-06-09</StatementDate>\r\n		<StatementHoursConfirmed>yes</StatementHoursConfirmed>\r\n		<StatementHoursUnconfirmed>yes</StatementHoursUnconfirmed>\r\n		<StatementReason/>\r\n	</StatementData>\r\n	<newResidenceData>true</newResidenceData>\r\n	<ResidenceData>\r\n		<ResidenceNormallyGB>yes</ResidenceNormallyGB>\r\n		<ResidenceCurrentlyGB>yes</ResidenceCurrentlyGB>\r\n		<Residence4WeeksOutsideGB>no</Residence4WeeksOutsideGB>\r\n		<ResidencePrior12Months>yes</ResidencePrior12Months>\r\n	</ResidenceData>\r\n	<newEducationData>true</newEducationData>\r\n	<EducationData>\r\n		<EducationCourseType>HIGHER EDUCATION COLLEGE</EducationCourseType>\r\n		<EducationCourseTitle>HOME ECONOMICS</EducationCourseTitle>\r\n		<EducationEstablishment>MILTON COLLEGE OF HIGHER EDUCATION</EducationEstablishment>\r\n		<EducationAddress>\r\n			<Line1>1 ROUNDABOUT WAY</Line1>\r\n			<Line2>STRAIGHT ROAD CITY</Line2>\r\n			<PostCode>MK4 0SH</PostCode>\r\n		</EducationAddress>\r\n		<EducationContactDetails>\r\n			<Telephone n1:TelMobile=\"yes\" n1:TelUse=\"work\" n1:TelPreferred=\"yes\">\r\n				<TelNationalNumber>09123 1287612</TelNationalNumber>\r\n				<TelExtensionNumber>0</TelExtensionNumber>\r\n				<TelCountryCode>44</TelCountryCode>\r\n			</Telephone>\r\n		</EducationContactDetails>\r\n		<EducationStudentNumber>012345</EducationStudentNumber>\r\n		<EducationTutor>MR A.J.KWON</EducationTutor>\r\n		<EducationHours>16.0</EducationHours>\r\n		<EducationStartDate>1984-09-01</EducationStartDate>\r\n		<EducationPlannedEndDate>2010-07-15</EducationPlannedEndDate>\r\n		<EducationActualEndDate>2010-07-13</EducationActualEndDate>\r\n	</EducationData>\r\n	<newEmploymentData>false</newEmploymentData>\r\n	<newExpensesData>false</newExpensesData>\r\n	<newSelfEmpData>false</newSelfEmpData>\r\n	<newOtherMoneyData>false</newOtherMoneyData>\r\n	<newPaymentData>true</newPaymentData>\r\n	<PaymentData>\r\n		<PaymentPeriodicity>Weekly</PaymentPeriodicity>\r\n		<PaymentAccountHolder>A. UNDER-SIXTEEN</PaymentAccountHolder>\r\n		<PaymentBankName>ANOTHER BANK</PaymentBankName>\r\n		<PaymentSortCode>112233</PaymentSortCode>\r\n		<PaymentAccountNumber>01234567</PaymentAccountNumber>\r\n		<PaymentAlignAccount>yes</PaymentAlignAccount>\r\n	</PaymentData>\r\n	<newConsentData>true</newConsentData>\r\n	<ConsentData>\r\n		<ConsentAgreeEmployer>yes</ConsentAgreeEmployer>\r\n		<ConsentAgreeOthers>yes</ConsentAgreeOthers>\r\n		<ConsentSignature>SIGNED</ConsentSignature>\r\n		<ConsentDate>2010-06-09</ConsentDate>\r\n	</ConsentData>\r\n</ValidateClaim>'),('CL100119A','','<?xml version=\"1.0\" encoding=\"UTF-8\"?>\r\n<!--Sample XML file generated by XMLSpy v2010 rel. 3 sp1 (http://www.altova.com)-->\r\n<ValidateClaim xsi:schemaLocation=\"http://www.erudine.com/v3/ca Conversation%20v2_1%202010-07-16.xsd\" xmlns=\"http://www.erudine.com/v3/ca\" xmlns:n1=\"http://www.erudine.com/v3/ca\" xmlns:xsi=\"http://www.w3.org/2001/XMLSchema-instance\">\r\n	<piid>String</piid>\r\n	<newClaimantData>true</newClaimantData>\r\n	<ClaimantData>\r\n		<ClaimantNINO>CL100119A</ClaimantNINO>\r\n		<ClaimantNameDetails>\r\n			<PersonNameTitle>MR</PersonNameTitle>\r\n			<PersonGivenName>BREAK</PersonGivenName>\r\n			<PersonFamilyName>IN-CARE</PersonFamilyName>\r\n			<PersonNameSuffix>BSC</PersonNameSuffix>\r\n			<PersonRequestedName>BREAKY</PersonRequestedName>\r\n		</ClaimantNameDetails>\r\n		<ClaimantBirthDate>\r\n			<PersonBirthDate>1970-08-12</PersonBirthDate>\r\n			<VerificationLevel>Level 1</VerificationLevel>\r\n		</ClaimantBirthDate>\r\n		<ClaimantMaritalStatus>\r\n			<MaritalStatus>Married</MaritalStatus>\r\n			<VerificationLevel>Level 1</VerificationLevel>\r\n		</ClaimantMaritalStatus>\r\n		<ClaimantGenderAtRegistration>1 = Male</ClaimantGenderAtRegistration>\r\n		<ClaimantGenderCurrent>1 = Male</ClaimantGenderCurrent>\r\n		<ClaimantNationality>GB</ClaimantNationality>\r\n		<ClaimantContactDetails>\r\n			<PreferredLanguages>en</PreferredLanguages>\r\n			<Email n1:EmailUse=\"work\" n1:EmailPreferred=\"yes\">\r\n				<EmailAddress>breaks@care.com</EmailAddress>\r\n			</Email>\r\n		</ClaimantContactDetails>\r\n		<ClaimantAddress>\r\n			<Line1>1 BREAK</Line1>\r\n			<Line2>IN-CARE</Line2>\r\n			<PostCode>BC1 1AA</PostCode>\r\n		</ClaimantAddress>\r\n	</ClaimantData>\r\n	<newClaimData>true</newClaimData>\r\n	<ClaimData>\r\n		<ClaimStartDate>2010-05-17</ClaimStartDate>\r\n		<ClaimNinoKnown>yes</ClaimNinoKnown>\r\n		<ClaimPrevious>no</ClaimPrevious>\r\n		<ClaimOverseas>no</ClaimOverseas>\r\n		<ClaimEUArea>yes</ClaimEUArea>\r\n		<ClaimEUDependantChildren>no</ClaimEUDependantChildren>\r\n		<ClaimAlwaysUK>yes</ClaimAlwaysUK>\r\n		<ClaimCurrentResidentUK>yes</ClaimCurrentResidentUK>\r\n		<ClaimPartnerExists>yes</ClaimPartnerExists>\r\n		<ClaimPartnerExistsDate>1990-05-10</ClaimPartnerExistsDate>\r\n		<ClaimRelationToCarer>Husband</ClaimRelationToCarer>\r\n		<ClaimPaidCare>no</ClaimPaidCare>\r\n		<ClaimRivalCarer>no</ClaimRivalCarer>\r\n		<Claim35Hours>yes</Claim35Hours>\r\n		<ClaimBreakInCare>yes</ClaimBreakInCare>\r\n		<ClaimBreaks>\r\n			<BreakInCare1>\r\n				<BICFromDate>2010-05-30</BICFromDate>\r\n				<BICToDate>2010-06-13</BICToDate>\r\n				<BICReason>Hospitalisation</BICReason>\r\n				<BICType>Hospital</BICType>\r\n			</BreakInCare1>\r\n		</ClaimBreaks>\r\n		<ClaimPrior35Hours>yes</ClaimPrior35Hours>\r\n		<ClaimPrior35HoursDate>2010-05-17</ClaimPrior35HoursDate>\r\n		<ClaimPriorBreakInCare>no</ClaimPriorBreakInCare>\r\n		<ClaimDependantAwayFromHome>no</ClaimDependantAwayFromHome>\r\n		<ClaimEducationFullTime>no</ClaimEducationFullTime>\r\n		<ClaimEmployment>no</ClaimEmployment>\r\n		<ClaimRentalIncome>no</ClaimRentalIncome>\r\n		<ClaimPaidClass2NIC>no</ClaimPaidClass2NIC>\r\n		<ClaimSelfEmployed>no</ClaimSelfEmployed>\r\n	</ClaimData>\r\n	<newPartnerData>true</newPartnerData>\r\n	<PartnerData>\r\n		<PartnerNINO>DP100119A</PartnerNINO>\r\n		<PartnerNameDetails>\r\n			<PersonNameTitle>MRS</PersonNameTitle>\r\n			<PersonGivenName>MANDY</PersonGivenName>\r\n			<PersonFamilyName>IN-CARE</PersonFamilyName>\r\n		</PartnerNameDetails>\r\n		<PartnerBirthDate>\r\n			<PersonBirthDate>1974-12-01</PersonBirthDate>\r\n			<VerificationLevel>Level 1</VerificationLevel>\r\n		</PartnerBirthDate>\r\n		<PartnerMaritalStatus>\r\n			<MaritalStatus>Married</MaritalStatus>\r\n			<VerificationLevel>Level 1</VerificationLevel>\r\n		</PartnerMaritalStatus>\r\n		<PartnerGenderAtRegistration>2 = Female</PartnerGenderAtRegistration>\r\n		<PartnerGenderCurrent>2 = Female</PartnerGenderCurrent>\r\n		<PartnerNationality>GB</PartnerNationality>\r\n		<PartnerContactDetails>\r\n			<PreferredLanguages>en</PreferredLanguages>\r\n		</PartnerContactDetails>\r\n		<PartnerAddress>\r\n			<Line1>1 BREAK</Line1>\r\n			<Line2>IN-CARE</Line2>\r\n			<PostCode>BC1 1AA</PostCode>\r\n		</PartnerAddress>\r\n	</PartnerData>\r\n	<newDependantData>true</newDependantData>\r\n	<DependantData>\r\n		<DependantNINO>DP100119A</DependantNINO>\r\n		<DependantNameDetails>\r\n			<PersonNameTitle>MRS</PersonNameTitle>\r\n			<PersonGivenName>MANDY</PersonGivenName>\r\n			<PersonFamilyName>IN-CARE</PersonFamilyName>\r\n		</DependantNameDetails>\r\n		<DependantBirthDate>\r\n			<PersonBirthDate>1974-12-01</PersonBirthDate>\r\n			<VerificationLevel>Level 1</VerificationLevel>\r\n		</DependantBirthDate>\r\n		<DependantMaritalStatus>\r\n			<MaritalStatus>Married</MaritalStatus>\r\n			<VerificationLevel>Level 1</VerificationLevel>\r\n		</DependantMaritalStatus>\r\n		<DependantGenderAtRegistration>2 = Female</DependantGenderAtRegistration>\r\n		<DependantGenderCurrent>2 = Female</DependantGenderCurrent>\r\n		<DependantNationality>GB</DependantNationality>\r\n		<DependantContactDetails>\r\n			<PreferredLanguages>en</PreferredLanguages>\r\n		</DependantContactDetails>\r\n		<DependantAddress>\r\n			<Line1>1 BREAK</Line1>\", \"\"\r\n			<Line2>IN-CARE</Line2>\r\n			<PostCode>BC1 1AA</PostCode>\r\n		</DependantAddress>\r\n	</DependantData>\r\n	<newPaidCareData>false</newPaidCareData>\r\n	<newRivalCarerData>false</newRivalCarerData>\r\n	<newStatementData>true</newStatementData>\r\n	<StatementData>\r\n		<StatementType>SignedBySelf</StatementType>\r\n		<StatementRole>Self</StatementRole>\r\n		<StatementSignature>X</StatementSignature>\r\n		<StatementDate>2010-06-28</StatementDate>\r\n		<StatementHoursConfirmed>yes</StatementHoursConfirmed>\r\n		<StatementHoursUnconfirmed>no</StatementHoursUnconfirmed>\r\n		<StatementReason/>\r\n	</StatementData>\r\n	<newResidenceData>false</newResidenceData>\r\n	<newEducationData>false</newEducationData>\r\n	<newEmploymentData>false</newEmploymentData>\r\n	<newExpensesData>false</newExpensesData>\r\n	<newSelfEmpData>false</newSelfEmpData>\r\n	<newOtherMoneyData>false</newOtherMoneyData>\r\n	<newPaymentData>true</newPaymentData>\r\n	<PaymentData>\r\n		<PaymentPeriodicity>Weekly</PaymentPeriodicity>\r\n		<PaymentAccountHolder>MR B IN-CARE</PaymentAccountHolder>\r\n		<PaymentBankName>MIDLAND BANK</PaymentBankName>\r\n		<PaymentSortCode>212121</PaymentSortCode>\r\n		<PaymentAccountNumber>12345678</PaymentAccountNumber>\r\n		<PaymentAlignAccount>yes</PaymentAlignAccount>\r\n	</PaymentData>\r\n	<newConsentData>true</newConsentData>\r\n	<ConsentData>\r\n		<ConsentAgreeEmployer>no</ConsentAgreeEmployer>\r\n		<ConsentAgreeOthers>yes</ConsentAgreeOthers>\r\n		<ConsentSignature>GOT ONE</ConsentSignature>\r\n		<ConsentDate>2010-06-28</ConsentDate>\r\n	</ConsentData>\r\n</ValidateClaim>'),('CL800100A','','<?xml version=\"1.0\" encoding=\"UTF-8\"?>\r\n<!--Sample XML file generated by XMLSpy v2010 rel. 3 sp1 (http://www.altova.com)-->\r\n<ValidateClaim xsi:schemaLocation=\"http://www.erudine.com/v3/ca Conversation%20v1_4%202010-07-06.xsd\" xmlns=\"http://www.erudine.com/v3/ca\" xmlns:n1=\"http://www.erudine.com/v3/ca\" xmlns:xsi=\"http://www.w3.org/2001/XMLSchema-instance\">\r\n	<piid>String</piid>\r\n	<newClaimantData>true</newClaimantData>\r\n	<ClaimantData>\r\n		<ClaimantNINO>CL800100A</ClaimantNINO>\r\n		<ClaimantNameDetails>\r\n			<PersonNameTitle>MR</PersonNameTitle>\r\n			<PersonGivenName>x</PersonGivenName>\r\n			<PersonFamilyName>x</PersonFamilyName>\r\n			<PersonNameSuffix>BSC</PersonNameSuffix>\r\n			<PersonRequestedName>BOB HEPWORTH</PersonRequestedName>\r\n		</ClaimantNameDetails>\r\n		<ClaimantBirthDate>\r\n			<PersonBirthDate>1870-08-13</PersonBirthDate>\r\n			<VerificationLevel>Level 1</VerificationLevel>\r\n		</ClaimantBirthDate>\r\n		<ClaimantDeathDate>\r\n			<PersonDeathDate>3000-01-01</PersonDeathDate>\r\n			<VerificationLevel>Level 0</VerificationLevel>\r\n		</ClaimantDeathDate>\r\n		<ClaimantMaritalStatus>\r\n			<MaritalStatus>s</MaritalStatus>\r\n			<VerificationLevel>Level 1</VerificationLevel>\r\n		</ClaimantMaritalStatus>\r\n		<ClaimantGenderAtRegistration>1</ClaimantGenderAtRegistration>\r\n		<ClaimantGenderCurrent>1</ClaimantGenderCurrent>\r\n		<ClaimantNationality>GB</ClaimantNationality>\r\n		<ClaimantContactDetails>\r\n			<PreferredLanguages>en</PreferredLanguages>\r\n			<Telephone n1:TelMobile=\"no\" n1:TelUse=\"home\" n1:TelPreferred=\"yes\">\r\n				<TelNationalNumber>01937843786</TelNationalNumber>\r\n				<TelExtensionNumber>0</TelExtensionNumber>\r\n				<TelCountryCode>44</TelCountryCode>\r\n			</Telephone>\r\n		</ClaimantContactDetails>\r\n		<ClaimantAddress>\r\n			<Line1>5</Line1>\r\n			<Line2>B</Line2>\r\n			<PostCode>XX00 0XX</PostCode>\r\n		</ClaimantAddress>\r\n	</ClaimantData>\r\n	<newClaimData>true</newClaimData>\r\n	<ClaimData>\r\n		<ClaimStartDate>2010-05-10</ClaimStartDate>\r\n		<ClaimNinoKnown>yes</ClaimNinoKnown>\r\n		<ClaimPrevious>no</ClaimPrevious>\r\n		<ClaimPreviousPaid>no</ClaimPreviousPaid>\r\n		<ClaimOverseas>no</ClaimOverseas>\r\n		<ClaimAlwaysUK>yes</ClaimAlwaysUK>\r\n		<ClaimCurrentResidentUK>yes</ClaimCurrentResidentUK>\r\n		<ClaimPartnerExists>no</ClaimPartnerExists>\r\n		<ClaimPaidCare>no</ClaimPaidCare>\r\n		<ClaimRivalCarer>no</ClaimRivalCarer>\r\n		<Claim35Hours>yes</Claim35Hours>\r\n		<ClaimBreakInCare>no</ClaimBreakInCare>\r\n		<ClaimPrior35Hours>no</ClaimPrior35Hours>\r\n		<ClaimEducationFullTime>no</ClaimEducationFullTime>\r\n	</ClaimData>\r\n	<newPartnerData>true</newPartnerData>\r\n	<newDependantData>true</newDependantData>\r\n	<DependantData>\r\n		<DependantNINO>DP800100A</DependantNINO>\r\n		<DependantNameDetails>\r\n			<PersonNameTitle>MRS</PersonNameTitle>\r\n			<PersonGivenName>MAUREEN</PersonGivenName>\r\n			<PersonFamilyName>HEPWORTH</PersonFamilyName>\r\n			<PersonNameSuffix> </PersonNameSuffix>\r\n			<PersonRequestedName> </PersonRequestedName>\r\n		</DependantNameDetails>\r\n		<DependantBirthDate>\r\n			<PersonBirthDate>1920-05-01</PersonBirthDate>\r\n			<VerificationLevel>Level 1</VerificationLevel>\r\n		</DependantBirthDate>\r\n		<DependantMaritalStatus>\r\n			<MaritalStatus>w</MaritalStatus>\r\n			<VerificationLevel>Level 1</VerificationLevel>\r\n		</DependantMaritalStatus>\r\n		<DependantGenderAtRegistration>2</DependantGenderAtRegistration>\r\n		<DependantGenderCurrent>2</DependantGenderCurrent>\r\n		<DependantNationality>GB</DependantNationality>\r\n		<DependantAddress>\r\n			<Line1>9 HALL MEWS</Line1>\r\n			<Line2>BOSTON SPA</Line2>\r\n			<PostCode>LS23 6QB</PostCode>\r\n		</DependantAddress>\r\n	</DependantData>\r\n	<newPaidCareData>true</newPaidCareData>\r\n	<newRivalCarerData>true</newRivalCarerData>\r\n	<newStatementData>true</newStatementData>\r\n	<StatementData>\r\n		<StatementRole>Self</StatementRole>\r\n		<StatementSignature/>\r\n		<StatementDate>2010-05-10</StatementDate>\r\n		<StatementHoursConfirmed>yes</StatementHoursConfirmed>\r\n		<StatementHoursUnconfirmed>no</StatementHoursUnconfirmed>\r\n		<StatementReason/>\r\n	</StatementData>\r\n	<newResidenceData>true</newResidenceData>\r\n	<ResidenceData>\r\n		<ResidenceNormallyGB>yes</ResidenceNormallyGB>\r\n		<ResidenceNormalCountry/>\r\n		<ResidenceCurrentlyGB>yes</ResidenceCurrentlyGB>\r\n		<Residence4WeeksOutsideGB>no</Residence4WeeksOutsideGB>\r\n		<ResidencePrior12Months>no</ResidencePrior12Months>\r\n	</ResidenceData>\r\n	<newEducationData>true</newEducationData>\r\n</ValidateClaim>'),('CL900100A','','<?xml version=\"1.0\" encoding=\"UTF-8\"?>\r\n<!--Sample XML file generated by XMLSpy v2010 rel. 3 sp1 (http://www.altova.com)-->\r\n<ValidateClaim xsi:schemaLocation=\"http://www.erudine.com/v3/ca Conversation%20v1_4%202010-07-06.xsd\" xmlns=\"http://www.erudine.com/v3/ca\" xmlns:n1=\"http://www.erudine.com/v3/ca\" xmlns:xsi=\"http://www.w3.org/2001/XMLSchema-instance\">\r\n	<piid>String</piid>\r\n	<newClaimantData>true</newClaimantData>\r\n	<ClaimantData>\r\n		<ClaimantNINO>CL900100A</ClaimantNINO>\r\n		<ClaimantNameDetails>\r\n			<PersonNameTitle>MR</PersonNameTitle>\r\n			<PersonGivenName>ADRIAN ROBERT</PersonGivenName>\r\n			<PersonFamilyName>HEPWORTH</PersonFamilyName>\r\n			<PersonNameSuffix>BSC</PersonNameSuffix>\r\n			<PersonRequestedName>BOB HEPWORTH</PersonRequestedName>\r\n		</ClaimantNameDetails>\r\n		<ClaimantBirthDate>\r\n			<PersonBirthDate>1994-05-20</PersonBirthDate>\r\n			<VerificationLevel>Level 1</VerificationLevel>\r\n		</ClaimantBirthDate>\r\n		<ClaimantDeathDate>\r\n			<PersonDeathDate>3000-01-01</PersonDeathDate>\r\n			<VerificationLevel>Level 0</VerificationLevel>\r\n		</ClaimantDeathDate>\r\n		<ClaimantMaritalStatus>\r\n			<MaritalStatus>s</MaritalStatus>\r\n			<VerificationLevel>Level 1</VerificationLevel>\r\n		</ClaimantMaritalStatus>\r\n		<ClaimantGenderAtRegistration>1</ClaimantGenderAtRegistration>\r\n		<ClaimantGenderCurrent>1</ClaimantGenderCurrent>\r\n		<ClaimantNationality>GB</ClaimantNationality>\r\n		<ClaimantContactDetails>\r\n			<PreferredLanguages>en</PreferredLanguages>\r\n			<Telephone n1:TelMobile=\"no\" n1:TelUse=\"home\" n1:TelPreferred=\"yes\">\r\n				<TelNationalNumber>01937843786</TelNationalNumber>\r\n				<TelExtensionNumber>0</TelExtensionNumber>\r\n				<TelCountryCode>44</TelCountryCode>\r\n			</Telephone>\r\n		</ClaimantContactDetails>\r\n		<ClaimantAddress>\r\n			<Line1>5 LONSDALE MEADOWS</Line1>\r\n			<Line2>BOSTON SPA</Line2>\r\n			<PostCode>LS23 6DQ</PostCode>\r\n		</ClaimantAddress>\r\n	</ClaimantData>\r\n	<newClaimData>true</newClaimData>\r\n	<ClaimData>\r\n		<ClaimStartDate>2010-05-10</ClaimStartDate>\r\n		<ClaimNinoKnown>yes</ClaimNinoKnown>\r\n		<ClaimPrevious>no</ClaimPrevious>\r\n		<ClaimPreviousPaid>no</ClaimPreviousPaid>\r\n		<ClaimOverseas>no</ClaimOverseas>\r\n		<ClaimAlwaysUK>yes</ClaimAlwaysUK>\r\n		<ClaimCurrentResidentUK>yes</ClaimCurrentResidentUK>\r\n		<ClaimPartnerExists>no</ClaimPartnerExists>\r\n		<ClaimPaidCare>no</ClaimPaidCare>\r\n		<ClaimRivalCarer>no</ClaimRivalCarer>\r\n		<Claim35Hours>yes</Claim35Hours>\r\n		<ClaimBreakInCare>no</ClaimBreakInCare>\r\n		<ClaimPrior35Hours>no</ClaimPrior35Hours>\r\n		<ClaimEducationFullTime>no</ClaimEducationFullTime>\r\n	</ClaimData>\r\n	<newPartnerData>true</newPartnerData>\r\n	<newDependantData>true</newDependantData>\r\n	<DependantData>\r\n		<DependantNINO>DP900100A</DependantNINO>\r\n		<DependantNameDetails>\r\n			<PersonNameTitle>MRS</PersonNameTitle>\r\n			<PersonGivenName>MAUREEN</PersonGivenName>\r\n			<PersonFamilyName>HEPWORTH</PersonFamilyName>\r\n			<PersonNameSuffix> </PersonNameSuffix>\r\n			<PersonRequestedName> </PersonRequestedName>\r\n		</DependantNameDetails>\r\n		<DependantBirthDate>\r\n			<PersonBirthDate>1920-05-01</PersonBirthDate>\r\n			<VerificationLevel>Level 1</VerificationLevel>\r\n		</DependantBirthDate>\r\n		<DependantMaritalStatus>\r\n			<MaritalStatus>w</MaritalStatus>\r\n			<VerificationLevel>Level 1</VerificationLevel>\r\n		</DependantMaritalStatus>\r\n		<DependantGenderAtRegistration>2</DependantGenderAtRegistration>\r\n		<DependantGenderCurrent>2</DependantGenderCurrent>\r\n		<DependantNationality>GB</DependantNationality>\r\n		<DependantAddress>\r\n			<Line1>9 HALL MEWS</Line1>\r\n			<Line2>BOSTON SPA</Line2>\r\n			<PostCode>LS23 6QB</PostCode>\r\n		</DependantAddress>\r\n	</DependantData>\r\n	<newPaidCareData>true</newPaidCareData>\r\n	<newRivalCarerData>true</newRivalCarerData>\r\n	<newStatementData>true</newStatementData>\r\n	<StatementData>\r\n		<StatementRole>Self</StatementRole>\r\n		<StatementSignature/>\r\n		<StatementDate>2010-05-10</StatementDate>\r\n		<StatementHoursConfirmed>yes</StatementHoursConfirmed>\r\n		<StatementHoursUnconfirmed>no</StatementHoursUnconfirmed>\r\n		<StatementReason/>\r\n	</StatementData>\r\n	<newResidenceData>true</newResidenceData>\r\n	<ResidenceData>\r\n		<ResidenceNormallyGB>yes</ResidenceNormallyGB>\r\n		<ResidenceNormalCountry/>\r\n		<ResidenceCurrentlyGB>yes</ResidenceCurrentlyGB>\r\n		<Residence4WeeksOutsideGB>no</Residence4WeeksOutsideGB>\r\n		<ResidencePrior12Months>no</ResidencePrior12Months>\r\n	</ResidenceData>\r\n	<newEducationData>true</newEducationData>\r\n</ValidateClaim>'),('CL900200A','','<?xml version=\"1.0\" encoding=\"UTF-8\"?>\r\n<!--Sample XML file generated by XMLSpy v2010 rel. 3 sp1 (http://www.altova.com)-->\r\n<ValidateClaim xsi:schemaLocation=\"http://www.erudine.com/v3/ca Conversation%20v1_4%202010-07-06.xsd\" xmlns=\"http://www.erudine.com/v3/ca\" xmlns:n1=\"http://www.erudine.com/v3/ca\" xmlns:xsi=\"http://www.w3.org/2001/XMLSchema-instance\">\r\n	<piid>String</piid>\r\n	<newClaimantData>true</newClaimantData>\r\n	<ClaimantData>\r\n		<ClaimantNINO>CL900200A</ClaimantNINO>\r\n		<ClaimantNameDetails>\r\n			<PersonNameTitle>MR</PersonNameTitle>\r\n			<PersonGivenName>ADRIAN ROBERT</PersonGivenName>\r\n			<PersonFamilyName>HEPWORTH</PersonFamilyName>\r\n			<PersonNameSuffix>BSC</PersonNameSuffix>\r\n			<PersonRequestedName>BOB HEPWORTH</PersonRequestedName>\r\n		</ClaimantNameDetails>\r\n		<ClaimantBirthDate>\r\n			<PersonBirthDate>1994-12-31</PersonBirthDate>\r\n			<VerificationLevel>Level 1</VerificationLevel>\r\n		</ClaimantBirthDate>\r\n		<ClaimantDeathDate>\r\n			<PersonDeathDate>3000-01-01</PersonDeathDate>\r\n			<VerificationLevel>Level 0</VerificationLevel>\r\n		</ClaimantDeathDate>\r\n		<ClaimantMaritalStatus>\r\n			<MaritalStatus>s</MaritalStatus>\r\n			<VerificationLevel>Level 1</VerificationLevel>\r\n		</ClaimantMaritalStatus>\r\n		<ClaimantGenderAtRegistration>1</ClaimantGenderAtRegistration>\r\n		<ClaimantGenderCurrent>1</ClaimantGenderCurrent>\r\n		<ClaimantNationality>GB</ClaimantNationality>\r\n		<ClaimantContactDetails>\r\n			<PreferredLanguages>en</PreferredLanguages>\r\n			<Telephone n1:TelMobile=\"no\" n1:TelUse=\"home\" n1:TelPreferred=\"yes\">\r\n				<TelNationalNumber>01937843786</TelNationalNumber>\r\n				<TelExtensionNumber>0</TelExtensionNumber>\r\n				<TelCountryCode>44</TelCountryCode>\r\n			</Telephone>\r\n		</ClaimantContactDetails>\r\n		<ClaimantAddress>\r\n			<Line1>5 LONSDALE MEADOWS</Line1>\r\n			<Line2>BOSTON SPA</Line2>\r\n			<PostCode>LS23 6DQ</PostCode>\r\n		</ClaimantAddress>\r\n	</ClaimantData>\r\n	<newClaimData>true</newClaimData>\r\n	<ClaimData>\r\n		<ClaimStartDate>2010-05-10</ClaimStartDate>\r\n		<ClaimNinoKnown>yes</ClaimNinoKnown>\r\n		<ClaimPrevious>no</ClaimPrevious>\r\n		<ClaimPreviousPaid>no</ClaimPreviousPaid>\r\n		<ClaimOverseas>no</ClaimOverseas>\r\n		<ClaimAlwaysUK>yes</ClaimAlwaysUK>\r\n		<ClaimCurrentResidentUK>yes</ClaimCurrentResidentUK>\r\n		<ClaimPartnerExists>no</ClaimPartnerExists>\r\n		<ClaimPaidCare>no</ClaimPaidCare>\r\n		<ClaimRivalCarer>no</ClaimRivalCarer>\r\n		<Claim35Hours>yes</Claim35Hours>\r\n		<ClaimBreakInCare>no</ClaimBreakInCare>\r\n		<ClaimPrior35Hours>no</ClaimPrior35Hours>\r\n		<ClaimEducationFullTime>no</ClaimEducationFullTime>\r\n	</ClaimData>\r\n	<newPartnerData>true</newPartnerData>\r\n	<newDependantData>true</newDependantData>\r\n	<DependantData>\r\n		<DependantNINO>DP900200A</DependantNINO>\r\n		<DependantNameDetails>\r\n			<PersonNameTitle>MRS</PersonNameTitle>\r\n			<PersonGivenName>MAUREEN</PersonGivenName>\r\n			<PersonFamilyName>HEPWORTH</PersonFamilyName>\r\n			<PersonNameSuffix> </PersonNameSuffix>\r\n			<PersonRequestedName> </PersonRequestedName>\r\n		</DependantNameDetails>\r\n		<DependantBirthDate>\r\n			<PersonBirthDate>1920-05-01</PersonBirthDate>\r\n			<VerificationLevel>Level 1</VerificationLevel>\r\n		</DependantBirthDate>\r\n		<DependantMaritalStatus>\r\n			<MaritalStatus>w</MaritalStatus>\r\n			<VerificationLevel>Level 1</VerificationLevel>\r\n		</DependantMaritalStatus>\r\n		<DependantGenderAtRegistration>2</DependantGenderAtRegistration>\r\n		<DependantGenderCurrent>2</DependantGenderCurrent>\r\n		<DependantNationality>GB</DependantNationality>\r\n		<DependantAddress>\r\n			<Line1>9 HALL MEWS</Line1>\r\n			<Line2>BOSTON SPA</Line2>\r\n			<PostCode>LS23 6QB</PostCode>\r\n		</DependantAddress>\r\n	</DependantData>\r\n	<newPaidCareData>true</newPaidCareData>\r\n	<newRivalCarerData>true</newRivalCarerData>\r\n	<newStatementData>true</newStatementData>\r\n	<StatementData>\r\n		<StatementRole>Self</StatementRole>\r\n		<StatementSignature/>\r\n		<StatementDate>2010-05-10</StatementDate>\r\n		<StatementHoursConfirmed>yes</StatementHoursConfirmed>\r\n		<StatementHoursUnconfirmed>no</StatementHoursUnconfirmed>\r\n		<StatementReason/>\r\n	</StatementData>\r\n	<newResidenceData>true</newResidenceData>\r\n	<ResidenceData>\r\n		<ResidenceNormallyGB>yes</ResidenceNormallyGB>\r\n		<ResidenceNormalCountry/>\r\n		<ResidenceCurrentlyGB>yes</ResidenceCurrentlyGB>\r\n		<Residence4WeeksOutsideGB>no</Residence4WeeksOutsideGB>\r\n		<ResidencePrior12Months>no</ResidencePrior12Months>\r\n	</ResidenceData>\r\n	<newEducationData>true</newEducationData>\r\n</ValidateClaim>'),('CL900300A','','<?xml version=\"1.0\" encoding=\"UTF-8\"?>\r\n<!--Sample XML file generated by XMLSpy v2010 rel. 3 sp1 (http://www.altova.com)-->\r\n<ValidateClaim xsi:schemaLocation=\"http://www.erudine.com/v3/ca Conversation%20v1_4%202010-07-06.xsd\" xmlns=\"http://www.erudine.com/v3/ca\" xmlns:n1=\"http://www.erudine.com/v3/ca\" xmlns:xsi=\"http://www.w3.org/2001/XMLSchema-instance\">\r\n	<piid>String</piid>\r\n	<newClaimantData>true</newClaimantData>\r\n	<ClaimantData>\r\n		<ClaimantNINO>CL900300A</ClaimantNINO>\r\n		<ClaimantNameDetails>\r\n			<PersonNameTitle>MR</PersonNameTitle>\r\n			<PersonGivenName>ADRIAN ROBERT</PersonGivenName>\r\n			<PersonFamilyName>HEPWORTH</PersonFamilyName>\r\n			<PersonNameSuffix>BSC</PersonNameSuffix>\r\n			<PersonRequestedName>BOB HEPWORTH</PersonRequestedName>\r\n		</ClaimantNameDetails>\r\n		<ClaimantBirthDate>\r\n			<PersonBirthDate>1970-12-31</PersonBirthDate>\r\n			<VerificationLevel>Level 1</VerificationLevel>\r\n		</ClaimantBirthDate>\r\n		<ClaimantDeathDate>\r\n			<PersonDeathDate>3000-01-01</PersonDeathDate>\r\n			<VerificationLevel>Level 0</VerificationLevel>\r\n		</ClaimantDeathDate>\r\n		<ClaimantMaritalStatus>\r\n			<MaritalStatus>s</MaritalStatus>\r\n			<VerificationLevel>Level 1</VerificationLevel>\r\n		</ClaimantMaritalStatus>\r\n		<ClaimantGenderAtRegistration>1</ClaimantGenderAtRegistration>\r\n		<ClaimantGenderCurrent>1</ClaimantGenderCurrent>\r\n		<ClaimantNationality>GB</ClaimantNationality>\r\n		<ClaimantContactDetails>\r\n			<PreferredLanguages>en</PreferredLanguages>\r\n			<Telephone n1:TelMobile=\"no\" n1:TelUse=\"home\" n1:TelPreferred=\"yes\">\r\n				<TelNationalNumber>01937843786</TelNationalNumber>\r\n				<TelExtensionNumber>0</TelExtensionNumber>\r\n				<TelCountryCode>44</TelCountryCode>\r\n			</Telephone>\r\n		</ClaimantContactDetails>\r\n		<ClaimantAddress>\r\n			<Line1>5 LONSDALE MEADOWS</Line1>\r\n			<Line2>BOSTON SPA</Line2>\r\n			<PostCode>LS23 6DQ</PostCode>\r\n		</ClaimantAddress>\r\n	</ClaimantData>\r\n	<newClaimData>true</newClaimData>\r\n	<ClaimData>\r\n		<ClaimStartDate>2010-12-31</ClaimStartDate>\r\n		<ClaimNinoKnown>yes</ClaimNinoKnown>\r\n		<ClaimPrevious>no</ClaimPrevious>\r\n		<ClaimPreviousPaid>no</ClaimPreviousPaid>\r\n		<ClaimOverseas>no</ClaimOverseas>\r\n		<ClaimAlwaysUK>yes</ClaimAlwaysUK>\r\n		<ClaimCurrentResidentUK>yes</ClaimCurrentResidentUK>\r\n		<ClaimPartnerExists>no</ClaimPartnerExists>\r\n		<ClaimPaidCare>no</ClaimPaidCare>\r\n		<ClaimRivalCarer>no</ClaimRivalCarer>\r\n		<Claim35Hours>yes</Claim35Hours>\r\n		<ClaimBreakInCare>no</ClaimBreakInCare>\r\n		<ClaimPrior35Hours>no</ClaimPrior35Hours>\r\n		<ClaimEducationFullTime>no</ClaimEducationFullTime>\r\n	</ClaimData>\r\n	<newPartnerData>true</newPartnerData>\r\n	<newDependantData>true</newDependantData>\r\n	<DependantData>\r\n		<DependantNINO>DP900300A</DependantNINO>\r\n		<DependantNameDetails>\r\n			<PersonNameTitle>MRS</PersonNameTitle>\r\n			<PersonGivenName>MAUREEN</PersonGivenName>\r\n			<PersonFamilyName>HEPWORTH</PersonFamilyName>\r\n			<PersonNameSuffix> </PersonNameSuffix>\r\n			<PersonRequestedName> </PersonRequestedName>\r\n		</DependantNameDetails>\r\n		<DependantBirthDate>\r\n			<PersonBirthDate>1920-05-01</PersonBirthDate>\r\n			<VerificationLevel>Level 1</VerificationLevel>\r\n		</DependantBirthDate>\r\n		<DependantMaritalStatus>\r\n			<MaritalStatus>w</MaritalStatus>\r\n			<VerificationLevel>Level 1</VerificationLevel>\r\n		</DependantMaritalStatus>\r\n		<DependantGenderAtRegistration>2</DependantGenderAtRegistration>\r\n		<DependantGenderCurrent>2</DependantGenderCurrent>\r\n		<DependantNationality>GB</DependantNationality>\r\n		<DependantAddress>\r\n			<Line1>9 HALL MEWS</Line1>\r\n			<Line2>BOSTON SPA</Line2>\r\n			<PostCode>LS23 6QB</PostCode>\r\n		</DependantAddress>\r\n	</DependantData>\r\n	<newPaidCareData>true</newPaidCareData>\r\n	<newRivalCarerData>true</newRivalCarerData>\r\n	<newStatementData>true</newStatementData>\r\n	<StatementData>\r\n		<StatementRole>Self</StatementRole>\r\n		<StatementSignature/>\r\n		<StatementDate>2010-05-10</StatementDate>\r\n		<StatementHoursConfirmed>yes</StatementHoursConfirmed>\r\n		<StatementHoursUnconfirmed>no</StatementHoursUnconfirmed>\r\n		<StatementReason/>\r\n	</StatementData>\r\n	<newResidenceData>true</newResidenceData>\r\n	<ResidenceData>\r\n		<ResidenceNormallyGB>yes</ResidenceNormallyGB>\r\n		<ResidenceNormalCountry/>\r\n		<ResidenceCurrentlyGB>yes</ResidenceCurrentlyGB>\r\n		<Residence4WeeksOutsideGB>no</Residence4WeeksOutsideGB>\r\n		<ResidencePrior12Months>no</ResidencePrior12Months>\r\n	</ResidenceData>\r\n	<newEducationData>true</newEducationData>\r\n</ValidateClaim>'),('CL900400A','','<?xml version=\"1.0\" encoding=\"UTF-8\"?>\r\n<!--Sample XML file generated by XMLSpy v2010 rel. 3 sp1 (http://www.altova.com)-->\r\n<ValidateClaim xsi:schemaLocation=\"http://www.erudine.com/v3/ca Conversation%20v1_4%202010-07-06.xsd\" xmlns=\"http://www.erudine.com/v3/ca\" xmlns:n1=\"http://www.erudine.com/v3/ca\" xmlns:xsi=\"http://www.w3.org/2001/XMLSchema-instance\">\r\n	<piid>String</piid>\r\n	<newClaimantData>true</newClaimantData>\r\n	<ClaimantData>\r\n		<ClaimantNINO>CL900400A</ClaimantNINO>\r\n		<ClaimantNameDetails>\r\n			<PersonNameTitle>MR</PersonNameTitle>\r\n			<PersonGivenName>ADRIAN ROBERT</PersonGivenName>\r\n			<PersonFamilyName>HEPWORTH</PersonFamilyName>\r\n			<PersonNameSuffix>BSC</PersonNameSuffix>\r\n			<PersonRequestedName>BOB HEPWORTH</PersonRequestedName>\r\n		</ClaimantNameDetails>\r\n		<ClaimantBirthDate>\r\n			<PersonBirthDate>1970-12-31</PersonBirthDate>\r\n			<VerificationLevel>Level 1</VerificationLevel>\r\n		</ClaimantBirthDate>\r\n		<ClaimantDeathDate>\r\n			<PersonDeathDate>3000-01-01</PersonDeathDate>\r\n			<VerificationLevel>Level 0</VerificationLevel>\r\n		</ClaimantDeathDate>\r\n		<ClaimantMaritalStatus>\r\n			<MaritalStatus>s</MaritalStatus>\r\n			<VerificationLevel>Level 1</VerificationLevel>\r\n		</ClaimantMaritalStatus>\r\n		<ClaimantGenderAtRegistration>1</ClaimantGenderAtRegistration>\r\n		<ClaimantGenderCurrent>1</ClaimantGenderCurrent>\r\n		<ClaimantNationality>GB</ClaimantNationality>\r\n		<ClaimantContactDetails>\r\n			<PreferredLanguages>en</PreferredLanguages>\r\n			<Telephone n1:TelMobile=\"no\" n1:TelUse=\"home\" n1:TelPreferred=\"yes\">\r\n				<TelNationalNumber>01937843786</TelNationalNumber>\r\n				<TelExtensionNumber>0</TelExtensionNumber>\r\n				<TelCountryCode>44</TelCountryCode>\r\n			</Telephone>\r\n		</ClaimantContactDetails>\r\n		<ClaimantAddress>\r\n			<Line1>5 LONSDALE MEADOWS</Line1>\r\n			<Line2>BOSTON SPA</Line2>\r\n			<PostCode>LS23 6DQ</PostCode>\r\n		</ClaimantAddress>\r\n	</ClaimantData>\r\n	<newClaimData>true</newClaimData>\r\n	<ClaimData>\r\n		<ClaimStartDate>2010-07-10</ClaimStartDate>\r\n		<ClaimNinoKnown>yes</ClaimNinoKnown>\r\n		<ClaimPrevious>no</ClaimPrevious>\r\n		<ClaimPreviousPaid>no</ClaimPreviousPaid>\r\n		<ClaimOverseas>no</ClaimOverseas>\r\n		<ClaimAlwaysUK>yes</ClaimAlwaysUK>\r\n		<ClaimCurrentResidentUK>yes</ClaimCurrentResidentUK>\r\n		<ClaimPartnerExists>no</ClaimPartnerExists>\r\n		<ClaimPaidCare>no</ClaimPaidCare>\r\n		<ClaimRivalCarer>no</ClaimRivalCarer>\r\n		<Claim35Hours>yes</Claim35Hours>\r\n		<ClaimBreakInCare>no</ClaimBreakInCare>\r\n		<ClaimPrior35Hours>no</ClaimPrior35Hours>\r\n		<ClaimEducationFullTime>no</ClaimEducationFullTime>\r\n	</ClaimData>\r\n	<newPartnerData>true</newPartnerData>\r\n	<newDependantData>true</newDependantData>\r\n	<DependantData>\r\n		<DependantNINO>DP900400A</DependantNINO>\r\n		<DependantNameDetails>\r\n			<PersonNameTitle>MRS</PersonNameTitle>\r\n			<PersonGivenName>MAUREEN</PersonGivenName>\r\n			<PersonFamilyName>HEPWORTH</PersonFamilyName>\r\n			<PersonNameSuffix> </PersonNameSuffix>\r\n			<PersonRequestedName> </PersonRequestedName>\r\n		</DependantNameDetails>\r\n		<DependantBirthDate>\r\n			<PersonBirthDate>1920-05-01</PersonBirthDate>\r\n			<VerificationLevel>Level 1</VerificationLevel>\r\n		</DependantBirthDate>\r\n		<DependantMaritalStatus>\r\n			<MaritalStatus>w</MaritalStatus>\r\n			<VerificationLevel>Level 1</VerificationLevel>\r\n		</DependantMaritalStatus>\r\n		<DependantGenderAtRegistration>2</DependantGenderAtRegistration>\r\n		<DependantGenderCurrent>2</DependantGenderCurrent>\r\n		<DependantNationality>GB</DependantNationality>\r\n		<DependantAddress>\r\n			<Line1>9 HALL MEWS</Line1>\r\n			<Line2>BOSTON SPA</Line2>\r\n			<PostCode>LS23 6QB</PostCode>\r\n		</DependantAddress>\r\n	</DependantData>\r\n	<newPaidCareData>true</newPaidCareData>\r\n	<newRivalCarerData>true</newRivalCarerData>\r\n	<newStatementData>true</newStatementData>\r\n	<StatementData>\r\n		<StatementRole>Self</StatementRole>\r\n		<StatementSignature/>\r\n		<StatementDate>2010-05-10</StatementDate>\r\n		<StatementHoursConfirmed>yes</StatementHoursConfirmed>\r\n		<StatementHoursUnconfirmed>no</StatementHoursUnconfirmed>\r\n		<StatementReason/>\r\n	</StatementData>\r\n	<newResidenceData>true</newResidenceData>\r\n	<ResidenceData>\r\n		<ResidenceNormallyGB>yes</ResidenceNormallyGB>\r\n		<ResidenceNormalCountry/>\r\n		<ResidenceCurrentlyGB>yes</ResidenceCurrentlyGB>\r\n		<Residence4WeeksOutsideGB>no</Residence4WeeksOutsideGB>\r\n		<ResidencePrior12Months>no</ResidencePrior12Months>\r\n	</ResidenceData>\r\n	<newEducationData>true</newEducationData>\r\n</ValidateClaim>');
/*!40000 ALTER TABLE `validate_claims` ENABLE KEYS */;
UNLOCK TABLES;
/*!40103 SET TIME_ZONE=@OLD_TIME_ZONE */;

/*!40101 SET SQL_MODE=@OLD_SQL_MODE */;
/*!40014 SET FOREIGN_KEY_CHECKS=@OLD_FOREIGN_KEY_CHECKS */;
/*!40014 SET UNIQUE_CHECKS=@OLD_UNIQUE_CHECKS */;
/*!40101 SET CHARACTER_SET_CLIENT=@OLD_CHARACTER_SET_CLIENT */;
/*!40101 SET CHARACTER_SET_RESULTS=@OLD_CHARACTER_SET_RESULTS */;
/*!40101 SET COLLATION_CONNECTION=@OLD_COLLATION_CONNECTION */;
/*!40111 SET SQL_NOTES=@OLD_SQL_NOTES */;

-- Dump completed on 2013-09-04  9:22:00
